direction	method	nsnp	b	pval	Q	Q_df	Q_pval
IDP -> Phenotype	MR Egger	48	0.105235145949829	0.461717781272896	227.772646929184	46	6.66079166615355e-26
IDP -> Phenotype	Weighted median	48	0.032392664290069	0.257584620790185	NA	NA	NA
IDP -> Phenotype	Inverse variance weighted	48	0.0106587376300707	0.767735060856146	230.130428218053	47	5.79655174303294e-26
Phenotype -> IDP	MR Egger	165	-0.252764004542458	0.00841603008832556	257.66540510894	163	3.23487035313031e-06
Phenotype -> IDP	Weighted median	165	0.00176929602950321	0.955436171073863	NA	NA	NA
Phenotype -> IDP	Inverse variance weighted	165	-0.0278993389223929	0.265928596308356	267.215539766045	164	6.27042313659984e-07
NA	BrainXcan	1069344	-0.103587304715988	0.00105866644049624	NA	NA	NA
IDP -> Phenotype	ACAT meta-analysis	NA	-1	0.495348568672094	NA	NA	NA
Phenotype -> IDP	ACAT meta-analysis	NA	-1	0.0208140359858574	NA	NA	NA
