direction	method	nsnp	b	pval	Q	Q_df	Q_pval
IDP -> Phenotype	MR Egger	62	0.00115980871979386	0.985000119070197	199.2608274193	60	7.671229214904e-17
IDP -> Phenotype	Weighted median	62	0.0100644106290557	0.608873769930323	NA	NA	NA
IDP -> Phenotype	Inverse variance weighted	62	-0.022395831118543	0.307011365059064	199.821484284004	61	1.15898802052854e-16
Phenotype -> IDP	MR Egger	165	-0.285547606297567	0.00482473108709729	286.537258919698	163	7.78516152087346e-09
Phenotype -> IDP	Weighted median	165	0.0130269217933332	0.689271494331326	NA	NA	NA
Phenotype -> IDP	Inverse variance weighted	165	-0.010168163891633	0.702375651263021	300.86202178739	164	3.96920551189518e-10
NA	BrainXcan	1069344	-0.0900884126387634	0.000569216804088374	NA	NA	NA
IDP -> Phenotype	ACAT meta-analysis	NA	-1	0.0426522708445626	NA	NA	NA
Phenotype -> IDP	ACAT meta-analysis	NA	-1	0.0144788696739791	NA	NA	NA
