direction	method	nsnp	b	pval	Q	Q_df	Q_pval
IDP -> Phenotype	MR Egger	21	-0.54199003199173	0.0347665503180964	124.22975675494	19	1.78681991969929e-17
IDP -> Phenotype	Weighted median	21	0.0459680453551772	0.294754122118158	NA	NA	NA
IDP -> Phenotype	Inverse variance weighted	21	0.00618355982802797	0.927665019112373	161.262206840539	20	4.28331226848125e-24
Phenotype -> IDP	MR Egger	165	0.158155632985373	0.064194633844508	206.649353155816	163	0.011714104551986
Phenotype -> IDP	Weighted median	165	0.0286913520545926	0.338109037487226	NA	NA	NA
Phenotype -> IDP	Inverse variance weighted	165	0.0372091870707576	0.09373693870351	209.411616955903	164	0.00955277403326939
NA	BrainXcan	1069344	0.239260441519773	7.44162210323257e-05	NA	NA	NA
IDP -> Phenotype	ACAT meta-analysis	NA	1	0.926115395409704	NA	NA	NA
Phenotype -> IDP	ACAT meta-analysis	NA	1	0.105185301419422	NA	NA	NA
