direction	method	nsnp	b	pval	Q	Q_df	Q_pval
IDP -> Phenotype	MR Egger	63	-0.019364118263689	0.732742581618112	197.351405618142	61	2.77516280548246e-16
IDP -> Phenotype	Weighted median	63	0.0102569604771375	0.608123338785576	NA	NA	NA
IDP -> Phenotype	Inverse variance weighted	63	-0.0189495616053379	0.372182727375469	197.351609430985	62	5.04734480224813e-16
Phenotype -> IDP	MR Egger	165	-0.318222219371349	0.00177468238656293	287.765905842018	163	5.9133944691259e-09
Phenotype -> IDP	Weighted median	165	-0.00528867494431223	0.86421565205937	NA	NA	NA
Phenotype -> IDP	Inverse variance weighted	165	-0.0219415726940801	0.412317546545024	304.348910127933	164	1.7435711779052e-10
NA	BrainXcan	1069344	-0.0894627546468059	0.000597354168797557	NA	NA	NA
IDP -> Phenotype	ACAT meta-analysis	NA	-1	0.512625138100486	NA	NA	NA
Phenotype -> IDP	ACAT meta-analysis	NA	-1	0.00538112774500193	NA	NA	NA
