direction	method	nsnp	b	pval	Q	Q_df	Q_pval
IDP -> Phenotype	MR Egger	25	-0.2054857287371	0.332821981976836	120.735621937059	23	3.06733592149707e-15
IDP -> Phenotype	Weighted median	25	-0.023012683027303	0.557936780482197	NA	NA	NA
IDP -> Phenotype	Inverse variance weighted	25	0.0406348904993126	0.449745695657805	128.623313935017	24	2.75228698925878e-16
Phenotype -> IDP	MR Egger	165	-0.056219977827267	0.533811064641281	233.234439606257	163	0.000254852611829939
Phenotype -> IDP	Weighted median	165	0.0138771633847842	0.644087612866925	NA	NA	NA
Phenotype -> IDP	Inverse variance weighted	165	0.0120977176610347	0.606298401439444	234.115800846583	164	0.000268048920127408
NA	BrainXcan	1069344	0.260928413566375	2.31044565005088e-05	NA	NA	NA
IDP -> Phenotype	ACAT meta-analysis	NA	1	0.525014218461878	NA	NA	NA
Phenotype -> IDP	ACAT meta-analysis	NA	1	0.575644510128637	NA	NA	NA
