direction	method	nsnp	b	pval	Q	Q_df	Q_pval
IDP -> Phenotype	MR Egger	79	0.0151345325083855	0.851111644547684	250.612622121879	77	3.01543874620557e-20
IDP -> Phenotype	Weighted median	79	0.018784793060591	0.494880556319218	NA	NA	NA
IDP -> Phenotype	Inverse variance weighted	79	-0.0289738610675823	0.326753267286	251.747911043629	78	3.68712601208227e-20
Phenotype -> IDP	MR Egger	183	-0.227773425669013	0.00102803937875151	306.481121580912	181	1.64936982734816e-08
Phenotype -> IDP	Weighted median	183	0.00704132876253828	0.721197106658355	NA	NA	NA
Phenotype -> IDP	Inverse variance weighted	183	-0.00209972293491609	0.902198857286876	326.154689071752	182	2.89498162468908e-10
NA	BrainXcan	1069786	-0.132276441663956	0.000423340552029897	NA	NA	NA
IDP -> Phenotype	ACAT meta-analysis	NA	-1	0.27459584000206	NA	NA	NA
Phenotype -> IDP	ACAT meta-analysis	NA	-1	0.00310729311698182	NA	NA	NA
