direction	method	nsnp	b	pval	Q	Q_df	Q_pval
IDP -> Phenotype	MR Egger	65	0.127263134962385	0.416255478318117	245.4313391091	63	2.35345453232791e-23
IDP -> Phenotype	Weighted median	65	0.00397418217624191	0.913837484266655	NA	NA	NA
IDP -> Phenotype	Inverse variance weighted	65	-0.00595188617977007	0.886608450667585	248.512553381555	64	1.47288319862817e-23
Phenotype -> IDP	MR Egger	183	-0.19245976074905	0.00397639499447947	286.231417811568	181	9.99109802418149e-07
Phenotype -> IDP	Weighted median	183	0.000398107138025541	0.983975098441509	NA	NA	NA
Phenotype -> IDP	Inverse variance weighted	183	-0.00959344591597192	0.55771519558524	299.14765631549	182	9.90107586542643e-08
NA	BrainXcan	1069786	-0.151571204536614	0.00102013075179394	NA	NA	NA
IDP -> Phenotype	ACAT meta-analysis	NA	-1	0.432399437689648	NA	NA	NA
Phenotype -> IDP	ACAT meta-analysis	NA	-1	0.00957427391749349	NA	NA	NA
