direction	method	nsnp	b	pval	Q	Q_df	Q_pval
IDP -> Phenotype	MR Egger	79	0.0387580556209229	0.634125061042051	293.506957278635	77	5.15777067802772e-27
IDP -> Phenotype	Weighted median	79	0.0210832597909509	0.463674341134392	NA	NA	NA
IDP -> Phenotype	Inverse variance weighted	79	-0.0345018442028227	0.275856116289467	297.175693573491	78	2.58775110059923e-27
Phenotype -> IDP	MR Egger	183	-0.247178598625997	0.000376921306320106	306.051907122082	181	1.8065389327843e-08
Phenotype -> IDP	Weighted median	183	-0.00366408943463915	0.854941604935426	NA	NA	NA
Phenotype -> IDP	Inverse variance weighted	183	-0.0108155765956571	0.527686710642042	327.634990819139	182	2.06500751902962e-10
NA	BrainXcan	1069786	-0.131317768763124	0.000489806165828476	NA	NA	NA
IDP -> Phenotype	ACAT meta-analysis	NA	-1	0.380435953315442	NA	NA	NA
Phenotype -> IDP	ACAT meta-analysis	NA	-1	0.00113361553084457	NA	NA	NA
