direction	method	nsnp	b	pval	Q	Q_df	Q_pval
IDP -> Phenotype	MR Egger	36	-0.225198751923208	0.539173820258624	192.688684350491	34	4.53534208796392e-24
IDP -> Phenotype	Weighted median	36	0.0145556449471955	0.793881508943009	NA	NA	NA
IDP -> Phenotype	Inverse variance weighted	36	-0.00964715393812486	0.895340487437405	194.77333570374	35	4.59894190751767e-24
Phenotype -> IDP	MR Egger	183	-0.232758162052826	0.000497986335288457	283.367664364779	181	1.72736532556962e-06
Phenotype -> IDP	Weighted median	183	-0.0451474420162438	0.0204721297303364	NA	NA	NA
Phenotype -> IDP	Inverse variance weighted	183	-0.0335040694552782	0.0404719793466835	298.701652501006	182	1.08423242450474e-07
NA	BrainXcan	1069786	-0.183187893793481	0.00391588014562582	NA	NA	NA
IDP -> Phenotype	ACAT meta-analysis	NA	-1	0.666703032736456	NA	NA	NA
Phenotype -> IDP	ACAT meta-analysis	NA	-1	0.00144129981866192	NA	NA	NA
