direction	method	nsnp	b	pval	Q	Q_df	Q_pval
IDP -> Phenotype	MR Egger	51	0.010113626520685	0.959893915116866	297.468424044479	49	2.69723872076757e-37
IDP -> Phenotype	Weighted median	51	0.0150969139498807	0.728803063066819	NA	NA	NA
IDP -> Phenotype	Inverse variance weighted	51	0.0209161534279252	0.716915499971282	297.487757858132	50	6.65196436189974e-37
Phenotype -> IDP	MR Egger	183	0.280213081731668	5.51422398071e-05	302.661247582299	181	3.68586024877435e-08
Phenotype -> IDP	Weighted median	183	0.0389201274698378	0.0534680844007802	NA	NA	NA
Phenotype -> IDP	Inverse variance weighted	183	0.0373761669519261	0.0285387609959513	325.439884197364	182	3.40580038544316e-10
NA	BrainXcan	1069786	0.17740664547042	0.00392723234366782	NA	NA	NA
IDP -> Phenotype	ACAT meta-analysis	NA	1	0.903406148453287	NA	NA	NA
Phenotype -> IDP	ACAT meta-analysis	NA	1	0.000164940362962329	NA	NA	NA
