direction	method	nsnp	b	pval	Q	Q_df	Q_pval
IDP -> Phenotype	MR Egger	34	-0.158730095688478	0.38109225148288	71.9591587067023	32	6.60908358646251e-05
IDP -> Phenotype	Weighted median	34	-0.0869650793099523	0.0824300288383041	NA	NA	NA
IDP -> Phenotype	Inverse variance weighted	34	-0.0708109832962635	0.123010845671591	72.5427454149473	33	8.5971024812241e-05
Phenotype -> IDP	MR Egger	183	0.0132309506155791	0.822473226557213	228.022616240431	181	0.0101890885499595
Phenotype -> IDP	Weighted median	183	0.0297814541084123	0.122846664195522	NA	NA	NA
Phenotype -> IDP	Inverse variance weighted	183	-0.0113120490942909	0.428741631585485	228.255234559284	182	0.0113263364831786
NA	BrainXcan	1069786	-0.147717051251928	0.00834643729450766	NA	NA	NA
IDP -> Phenotype	ACAT meta-analysis	NA	-1	0.13535831291066	NA	NA	NA
Phenotype -> IDP	ACAT meta-analysis	NA	-1	0.565922999984873	NA	NA	NA
