direction	method	nsnp	b	pval	Q	Q_df	Q_pval
IDP -> Phenotype	MR Egger	71	0.0394171109888701	0.750832457127987	262.595216537059	69	2.30886128190393e-24
IDP -> Phenotype	Weighted median	71	0.0282134509695649	0.417135135924141	NA	NA	NA
IDP -> Phenotype	Inverse variance weighted	71	-0.0200357626301229	0.596460023163272	263.567239807902	70	3.16460449781039e-24
Phenotype -> IDP	MR Egger	183	-0.219084104834109	0.000745902118912357	268.262888781618	181	2.67933890098372e-05
Phenotype -> IDP	Weighted median	183	-0.00683391495420873	0.732051271749919	NA	NA	NA
Phenotype -> IDP	Inverse variance weighted	183	-0.0104629243476085	0.51249080041221	285.075570720291	182	1.58158862395065e-06
NA	BrainXcan	1069786	-0.133253391512896	0.00439119698260039	NA	NA	NA
IDP -> Phenotype	ACAT meta-analysis	NA	-1	0.45507900179359	NA	NA	NA
Phenotype -> IDP	ACAT meta-analysis	NA	-1	0.0022425732553697	NA	NA	NA
