direction	method	nsnp	b	pval	Q	Q_df	Q_pval
IDP -> Phenotype	MR Egger	25	0.13886890807864	0.493224494076718	64.3164238267867	23	8.87198511665115e-06
IDP -> Phenotype	Weighted median	25	-0.0469861927583714	0.393324070496683	NA	NA	NA
IDP -> Phenotype	Inverse variance weighted	25	-0.0180130905051884	0.761527723080006	66.2173247230171	24	8.05493541967255e-06
Phenotype -> IDP	MR Egger	183	0.00512548221136123	0.928562188168176	214.3274140396	181	0.0456164810714578
Phenotype -> IDP	Weighted median	183	0.0211112317247742	0.273808972206956	NA	NA	NA
Phenotype -> IDP	Inverse variance weighted	183	0.0121270150650713	0.38132978695299	214.346344645483	182	0.0506369255318903
NA	BrainXcan	1069786	0.244706151559499	0.00593271172453918	NA	NA	NA
IDP -> Phenotype	ACAT meta-analysis	NA	1	0.422200024220541	NA	NA	NA
Phenotype -> IDP	ACAT meta-analysis	NA	1	0.756699853413741	NA	NA	NA
