direction	method	nsnp	b	pval	Q	Q_df	Q_pval
IDP -> Phenotype	MR Egger	28	0.0812878558719859	0.795469558189018	100.540143239792	26	1.04348508980148e-10
IDP -> Phenotype	Weighted median	28	0.116132949166176	0.0463004223275434	NA	NA	NA
IDP -> Phenotype	Inverse variance weighted	28	0.0782155139395946	0.249887433685487	100.540541972527	27	2.09780696120909e-10
Phenotype -> IDP	MR Egger	183	0.033623694069519	0.583792771715127	246.80656793763	181	0.000830757885110867
Phenotype -> IDP	Weighted median	183	-0.0313788516561651	0.129181247177355	NA	NA	NA
Phenotype -> IDP	Inverse variance weighted	183	0.00836249999954043	0.573903376703352	247.05299233252	182	0.000949551899103484
NA	BrainXcan	1069786	0.236386023477067	0.00472028663610378	NA	NA	NA
IDP -> Phenotype	ACAT meta-analysis	NA	1	0.137806450825994	NA	NA	NA
Phenotype -> IDP	ACAT meta-analysis	NA	1	0.740900648669063	NA	NA	NA
