direction	method	nsnp	b	pval	Q	Q_df	Q_pval
IDP -> Phenotype	MR Egger	56	0.183210885421181	0.0881533356272654	192.981558593408	54	1.65870218119663e-17
IDP -> Phenotype	Weighted median	56	0.0396994791477073	0.302611955006261	NA	NA	NA
IDP -> Phenotype	Inverse variance weighted	56	0.110129295694598	0.00763730316545751	195.00951075846	55	1.51237661944099e-17
Phenotype -> IDP	MR Egger	183	0.287022914684781	0.000399922933387919	416.389460063397	181	1.3563509947775e-20
Phenotype -> IDP	Weighted median	183	0.0495375655248697	0.012685622744	NA	NA	NA
Phenotype -> IDP	Inverse variance weighted	183	0.0551373889020391	0.00531573027040806	437.159457478858	182	4.93312877675668e-23
NA	BrainXcan	1069786	0.182799626089796	0.00204226680210259	NA	NA	NA
IDP -> Phenotype	ACAT meta-analysis	NA	1	0.0207739050704634	NA	NA	NA
Phenotype -> IDP	ACAT meta-analysis	NA	1	0.00108405697547681	NA	NA	NA
