direction	method	nsnp	b	pval	Q	Q_df	Q_pval
IDP -> Phenotype	MR Egger	48	0.258571992753171	0.0718049808020431	220.179428249289	46	1.418834326577e-24
IDP -> Phenotype	Weighted median	48	0.026071820028889	0.506167583810551	NA	NA	NA
IDP -> Phenotype	Inverse variance weighted	48	0.102439262849872	0.0423727878159493	226.977741788998	47	2.0625527900178e-25
Phenotype -> IDP	MR Egger	183	0.25968232850964	0.000953233564733638	393.055942489629	181	9.48226101777663e-18
Phenotype -> IDP	Weighted median	183	0.0554468551569216	0.00434378968262655	NA	NA	NA
Phenotype -> IDP	Inverse variance weighted	183	0.0484925368689643	0.0113948405437926	410.282827547661	182	1.17233115242491e-19
NA	BrainXcan	1069786	0.163978478204313	0.00621502067208604	NA	NA	NA
IDP -> Phenotype	ACAT meta-analysis	NA	1	0.0792095997509626	NA	NA	NA
Phenotype -> IDP	ACAT meta-analysis	NA	1	0.00219458617440244	NA	NA	NA
