direction	method	nsnp	b	pval	Q	Q_df	Q_pval
IDP -> Phenotype	MR Egger	33	-0.591176690608816	0.0595327686092317	170.095994742795	31	3.97534342523615e-21
IDP -> Phenotype	Weighted median	33	0.0394425996766156	0.476434031641508	NA	NA	NA
IDP -> Phenotype	Inverse variance weighted	33	-0.00604137860205825	0.937441243000677	191.958109544399	32	1.01347428395657e-24
Phenotype -> IDP	MR Egger	183	0.0703350674958181	0.240637999465772	234.727147803751	181	0.00441066396251936
Phenotype -> IDP	Weighted median	183	0.0152999130897625	0.447001057044962	NA	NA	NA
Phenotype -> IDP	Inverse variance weighted	183	0.0240573735596142	0.0975832260274749	235.55419130621	182	0.00459122036140762
NA	BrainXcan	1069786	0.352907339148866	4.78539693252863e-05	NA	NA	NA
IDP -> Phenotype	ACAT meta-analysis	NA	1	0.519884232604443	NA	NA	NA
Phenotype -> IDP	ACAT meta-analysis	NA	1	0.190894964033869	NA	NA	NA
