direction	method	nsnp	b	pval	Q	Q_df	Q_pval
IDP -> Phenotype	MR Egger	45	-0.67590875027994	0.00117089133594042	122.365119648954	43	1.52121434101777e-09
IDP -> Phenotype	Weighted median	45	-0.129514714693223	0.00330118878234596	NA	NA	NA
IDP -> Phenotype	Inverse variance weighted	45	-0.0564686656656276	0.236918029544888	152.771983365685	44	6.27647651000034e-14
Phenotype -> IDP	MR Egger	183	-0.15360574505752	0.0131464236243855	247.365242508011	181	0.000765339053122207
Phenotype -> IDP	Weighted median	183	-0.0237239810193538	0.218570019663666	NA	NA	NA
Phenotype -> IDP	Inverse variance weighted	183	-0.00369740079719618	0.807062341980326	256.043601404814	182	0.00024481838313265
NA	BrainXcan	1069786	-0.153331969350265	0.00830312732450005	NA	NA	NA
IDP -> Phenotype	ACAT meta-analysis	NA	-1	0.00258533045429904	NA	NA	NA
Phenotype -> IDP	ACAT meta-analysis	NA	-1	0.0396223672845087	NA	NA	NA
