direction	method	nsnp	b	pval	Q	Q_df	Q_pval
IDP -> Phenotype	MR Egger	26	0.0748500723051339	0.787342286973214	93.590978094368	24	3.63889593393335e-10
IDP -> Phenotype	Weighted median	26	0.0158335535334823	0.784312345787125	NA	NA	NA
IDP -> Phenotype	Inverse variance weighted	26	0.131215865581162	0.0650463269843504	93.7679080647018	25	6.88054280491345e-10
Phenotype -> IDP	MR Egger	183	0.0924848036019873	0.109750593599528	217.743486931157	181	0.0322587424055321
Phenotype -> IDP	Weighted median	183	0.0152720189890458	0.445765537042123	NA	NA	NA
Phenotype -> IDP	Inverse variance weighted	183	0.0225312481675705	0.108090592149939	219.633184331591	182	0.0296943960859972
NA	BrainXcan	1069786	0.214213191286852	0.0091181621604785	NA	NA	NA
IDP -> Phenotype	ACAT meta-analysis	NA	1	0.290773384159502	NA	NA	NA
Phenotype -> IDP	ACAT meta-analysis	NA	1	0.152229281274087	NA	NA	NA
