direction	method	nsnp	b	pval	Q	Q_df	Q_pval
IDP -> Phenotype	MR Egger	36	0.148470337495623	0.571576184682239	93.0484689399723	34	2.15424306010735e-07
IDP -> Phenotype	Weighted median	36	0.116585980377445	0.0343086802164136	NA	NA	NA
IDP -> Phenotype	Inverse variance weighted	36	0.153872085672001	0.00366314139846568	93.04970393265	35	3.64481862550834e-07
Phenotype -> IDP	MR Egger	183	0.0390685530136165	0.547632148295617	276.551039578681	181	6.14038180634151e-06
Phenotype -> IDP	Weighted median	183	0.0124019855552125	0.549034969275178	NA	NA	NA
Phenotype -> IDP	Inverse variance weighted	183	0.0171609232972459	0.275581830512694	276.736378592697	182	7.42020086770507e-06
NA	BrainXcan	1069786	0.223148503280827	0.00829052150186335	NA	NA	NA
IDP -> Phenotype	ACAT meta-analysis	NA	1	0.00995382970014796	NA	NA	NA
Phenotype -> IDP	ACAT meta-analysis	NA	1	0.442810028827607	NA	NA	NA
