direction	method	nsnp	b	pval	Q	Q_df	Q_pval
IDP -> Phenotype	MR Egger	34	-0.0115596069790014	0.964881871312051	104.343541383651	32	1.34886107033474e-09
IDP -> Phenotype	Weighted median	34	0.0473177140525823	0.336670041345505	NA	NA	NA
IDP -> Phenotype	Inverse variance weighted	34	-0.030684001713159	0.585622637760438	104.362003742175	33	2.47052742536728e-09
Phenotype -> IDP	MR Egger	183	-0.0212026262959762	0.701880454359607	201.120110080977	181	0.145621127733819
Phenotype -> IDP	Weighted median	183	-0.0192815770689247	0.313571555577987	NA	NA	NA
Phenotype -> IDP	Inverse variance weighted	183	-0.0305557860351796	0.022786023044047	201.153892935121	182	0.157354705814732
NA	BrainXcan	1069786	-0.245123778103323	0.00370500391198638	NA	NA	NA
IDP -> Phenotype	ACAT meta-analysis	NA	-1	0.906040563167044	NA	NA	NA
Phenotype -> IDP	ACAT meta-analysis	NA	-1	0.0677881231329642	NA	NA	NA
