direction	method	nsnp	b	pval	Q	Q_df	Q_pval
IDP -> Phenotype	MR Egger	22	0.095052347299868	0.794733981524982	51.1879554597191	20	0.000149392442460243
IDP -> Phenotype	Weighted median	22	0.118645617275279	0.0523259937871819	NA	NA	NA
IDP -> Phenotype	Inverse variance weighted	22	0.0657234376777389	0.290073935766644	51.205440559879	21	0.000247346336323287
Phenotype -> IDP	MR Egger	183	0.0638120597492642	0.246440625153087	198.038624907581	181	0.183087818752374
Phenotype -> IDP	Weighted median	183	0.00363652386480962	0.856207703535879	NA	NA	NA
Phenotype -> IDP	Inverse variance weighted	183	-0.0022293567949974	0.867586630148292	199.722888914831	182	0.174878448684529
NA	BrainXcan	1069786	0.240448996006707	0.00522685188686558	NA	NA	NA
IDP -> Phenotype	ACAT meta-analysis	NA	1	0.159580374049763	NA	NA	NA
Phenotype -> IDP	ACAT meta-analysis	NA	1	0.376580124778848	NA	NA	NA
