direction	method	nsnp	b	pval	Q	Q_df	Q_pval
IDP -> Phenotype	MR Egger	42	-0.0130519650848	0.955742233624599	110.57154320296	40	1.55367983150694e-08
IDP -> Phenotype	Weighted median	42	0.0376282249687995	0.389584420249803	NA	NA	NA
IDP -> Phenotype	Inverse variance weighted	42	0.0930382340023348	0.0433717383306215	111.164627058331	41	2.16739783500769e-08
Phenotype -> IDP	MR Egger	183	0.060470042648164	0.268790702580595	195.440871061764	181	0.219311134711199
Phenotype -> IDP	Weighted median	183	-0.0179603456859961	0.361605648246128	NA	NA	NA
Phenotype -> IDP	Inverse variance weighted	183	0.00343557952098839	0.795710098760102	196.697185709649	182	0.216152386564358
NA	BrainXcan	1069786	0.24600006820767	0.00320212349621288	NA	NA	NA
IDP -> Phenotype	ACAT meta-analysis	NA	1	0.0636559420860164	NA	NA	NA
Phenotype -> IDP	ACAT meta-analysis	NA	1	0.594144886550656	NA	NA	NA
