direction	method	nsnp	b	pval	Q	Q_df	Q_pval
IDP -> Phenotype	MR Egger	54	0.227723390907864	0.0564629892436062	97.9288382288568	52	0.000121778437581441
IDP -> Phenotype	Weighted median	54	0.0863010553110461	0.00988165639290163	NA	NA	NA
IDP -> Phenotype	Inverse variance weighted	54	0.0151066862810556	0.633160102661742	104.64852500063	53	3.04447915591805e-05
Phenotype -> IDP	MR Egger	183	0.109719660928578	0.0621280368663395	224.697903358634	181	0.0150562382799681
Phenotype -> IDP	Weighted median	183	0.0179471205235063	0.363305934341799	NA	NA	NA
Phenotype -> IDP	Inverse variance weighted	183	0.00434251776843539	0.761661274641008	228.986053032489	182	0.0103838293819834
NA	BrainXcan	1069786	0.170012992006599	0.00351080867695923	NA	NA	NA
IDP -> Phenotype	ACAT meta-analysis	NA	1	0.0255221426303118	NA	NA	NA
Phenotype -> IDP	ACAT meta-analysis	NA	1	0.189141701012824	NA	NA	NA
