direction	method	nsnp	b	pval	Q	Q_df	Q_pval
IDP -> Phenotype	MR Egger	35	-0.265202818391228	0.256534419838352	152.07904465503	33	3.27067040919586e-17
IDP -> Phenotype	Weighted median	35	-0.0344479285796381	0.485852384953255	NA	NA	NA
IDP -> Phenotype	Inverse variance weighted	35	0.0667752048885014	0.312386290203014	162.541623358939	34	1.08771425024728e-18
Phenotype -> IDP	MR Egger	183	-0.0541302360961811	0.401048960998957	271.957934513501	181	1.4025778530395e-05
Phenotype -> IDP	Weighted median	183	0.00357592626017452	0.855671092916148	NA	NA	NA
Phenotype -> IDP	Inverse variance weighted	183	0.0111976043567421	0.474310179302299	273.606050111094	182	1.29997807185973e-05
NA	BrainXcan	1069786	0.394580932330595	8.52530716482037e-06	NA	NA	NA
IDP -> Phenotype	ACAT meta-analysis	NA	1	0.535454886195649	NA	NA	NA
Phenotype -> IDP	ACAT meta-analysis	NA	1	0.707705346040495	NA	NA	NA
